{"Map":{"RemoveFromWorld":null,"Markers":null,"Objects":{"MapObject":[{"Type":"Prop","Hash":"-663886409","Dynamic":"false","Door":"false","Position":{"X":"-234.508667","Y":"6234.687","Z":"30.49675"},"Rotation":{"X":"0","Y":"0","Z":"-44.9998932"},"Quaternion":{"X":"0","Y":"0","Z":"-0.3826826","W":"0.923879862"}},{"Type":"Prop","Hash":"-663886409","Dynamic":"false","Door":"false","Position":{"X":"-235.656723","Y":"6231.87061","Z":"30.4976044"},"Rotation":{"X":"0","Y":"0","Z":"-44.9999237"},"Quaternion":{"X":"0","Y":"0","Z":"-0.38268286","W":"0.923879743"}},{"Type":"Prop","Hash":"-663886409","Dynamic":"false","Door":"false","Position":{"X":"-231.04","Y":"6238.12","Z":"30.495266"},"Rotation":{"X":"0","Y":"0","Z":"-42.9999161"},"Quaternion":{"X":"0","Y":"0","Z":"-0.366500556","W":"0.930417836"}},{"Type":"Prop","Hash":"-663886409","Dynamic":"false","Door":"false","Position":{"X":"-232.826492","Y":"6236.38037","Z":"30.4960327"},"Rotation":{"X":"0","Y":"0","Z":"45.9999237"},"Quaternion":{"X":"0","Y":"0","Z":"0.39073053","W":"0.9205051"}},{"Type":"Prop","Hash":"-663886409","Dynamic":"false","Door":"false","Position":{"X":"-233.658936","Y":"6235.534","Z":"30.49639"},"Rotation":{"X":"0","Y":"-0","Z":"133.998611"},"Quaternion":{"X":"0","Y":"0","Z":"0.920500159","W":"0.390742183"}},{"Type":"Prop","Hash":"-663886409","Dynamic":"false","Door":"false","Position":{"X":"-236.471069","Y":"6232.66748","Z":"30.49891"},"Rotation":{"X":"0","Y":"0","Z":"-43.9999237"},"Quaternion":{"X":"0","Y":"0","Z":"-0.374605983","W":"0.9271841"}},{"Type":"Prop","Hash":"-663886409","Dynamic":"false","Door":"false","Position":{"X":"-230.140335","Y":"6237.281","Z":"30.49517"},"Rotation":{"X":"0","Y":"0","Z":"-44.99991"},"Quaternion":{"X":"0","Y":"0","Z":"-0.382682681","W":"0.923879862"}},{"Type":"Prop","Hash":"-663886409","Dynamic":"false","Door":"false","Position":{"X":"-231.93","Y":"6237.24","Z":"30.49565"},"Rotation":{"X":"0","Y":"0","Z":"-46.9999161"},"Quaternion":{"X":"0","Y":"0","Z":"-0.398748428","W":"0.9170604"}},{"Type":"Prop","Hash":"-663886409","Dynamic":"false","Door":"false","Position":{"X":"-184.035645","Y":"6432.64648","Z":"30.91354"},"Rotation":{"X":"0","Y":"0","Z":"-63.9998055"},"Quaternion":{"X":"0","Y":"0","Z":"-0.529917836","W":"0.848049"}},{"Type":"Prop","Hash":"-663886409","Dynamic":"false","Door":"false","Position":{"X":"-179.292755","Y":"6435.104","Z":"30.9157925"},"Rotation":{"X":"0","Y":"0","Z":"27.000061"},"Quaternion":{"X":"0","Y":"0","Z":"0.2334459","W":"0.9723698"}},{"Type":"Prop","Hash":"-663886409","Dynamic":"false","Door":"false","Position":{"X":"-177.6141","Y":"6435.991","Z":"30.91589"},"Rotation":{"X":"0","Y":"0","Z":"24.0000458"},"Quaternion":{"X":"0","Y":"0","Z":"0.207912087","W":"0.9781475"}},{"Type":"Prop","Hash":"-663886409","Dynamic":"false","Door":"false","Position":{"X":"-176.125275","Y":"6437.11865","Z":"30.91589"},"Rotation":{"X":"0","Y":"0","Z":"-46.9998779"},"Quaternion":{"X":"0","Y":"0","Z":"-0.39874813","W":"0.9170605"}},{"Type":"Prop","Hash":"-663886409","Dynamic":"false","Door":"false","Position":{"X":"-185.716461","Y":"6431.55127","Z":"30.9151764"},"Rotation":{"X":"0","Y":"0","Z":"-45.9999237"},"Quaternion":{"X":"0","Y":"0","Z":"-0.39073053","W":"0.9205051"}},{"Type":"Prop","Hash":"-663886409","Dynamic":"false","Door":"false","Position":{"X":"-174.884735","Y":"6438.3584","Z":"30.91589"},"Rotation":{"X":"0","Y":"0","Z":"46.9999161"},"Quaternion":{"X":"0","Y":"0","Z":"0.398748428","W":"0.9170604"}},{"Type":"Prop","Hash":"-663886409","Dynamic":"false","Door":"false","Position":{"X":"-173.701431","Y":"6439.515","Z":"30.91589"},"Rotation":{"X":"0","Y":"0","Z":"44.9998932"},"Quaternion":{"X":"0","Y":"0","Z":"0.3826826","W":"0.923879862"}},{"Type":"Prop","Hash":"-663886409","Dynamic":"false","Door":"false","Position":{"X":"-172.295135","Y":"6440.92773","Z":"30.91589"},"Rotation":{"X":"0","Y":"0","Z":"43.9999237"},"Quaternion":{"X":"0","Y":"0","Z":"0.374605983","W":"0.9271841"}},{"Type":"Prop","Hash":"-663886409","Dynamic":"false","Door":"false","Position":{"X":"-170.797867","Y":"6442.37061","Z":"30.91589"},"Rotation":{"X":"0","Y":"0","Z":"44.9998932"},"Quaternion":{"X":"0","Y":"0","Z":"0.3826826","W":"0.923879862"}},{"Type":"Prop","Hash":"-663886409","Dynamic":"false","Door":"false","Position":{"X":"-182.388672","Y":"6433.472","Z":"30.9134388"},"Rotation":{"X":"0","Y":"0","Z":"27.9999733"},"Quaternion":{"X":"0","Y":"0","Z":"0.241921663","W":"0.9702958"}},{"Type":"Prop","Hash":"-663886409","Dynamic":"false","Door":"false","Position":{"X":"-180.8721","Y":"6434.22363","Z":"30.9132748"},"Rotation":{"X":"1.00179077E-05","Y":"2.231179E-05","Z":"26.9999981"},"Quaternion":{"X":"3.955378E-08","Y":"2.09735774E-07","Z":"0.233445361","W":"0.9723699"}},{"Type":"Prop","Hash":"-250842784","Dynamic":"false","Door":"false","Position":{"X":"1682.55","Y":"2557.98926","Z":"44.5648766"},"Rotation":{"X":"2.56490554E-12","Y":"-5.00895248E-06","Z":"89.9999542"},"Quaternion":{"X":"3.09085948E-08","Y":"-3.09085948E-08","Z":"0.707106352","W":"0.707107"}},{"Type":"Prop","Hash":"-250842784","Dynamic":"false","Door":"false","Position":{"X":"1682.55","Y":"2563.829","Z":"44.5648766"},"Rotation":{"X":"2.56490554E-12","Y":"-5.00895248E-06","Z":"89.9999542"},"Quaternion":{"X":"3.09085948E-08","Y":"-3.09085948E-08","Z":"0.707106352","W":"0.707107"}},{"Type":"Prop","Hash":"-250842784","Dynamic":"false","Door":"false","Position":{"X":"1700","Y":"2557.998","Z":"44.5648766"},"Rotation":{"X":"2.56490554E-12","Y":"-5.00895248E-06","Z":"89.9999542"},"Quaternion":{"X":"3.09085948E-08","Y":"-3.09085948E-08","Z":"0.707106352","W":"0.707107"}},{"Type":"Prop","Hash":"-250842784","Dynamic":"false","Door":"false","Position":{"X":"1700.08228","Y":"2558.00439","Z":"44.5648766"},"Rotation":{"X":"0","Y":"-0","Z":"0"},"Quaternion":{"X":"0","Y":"0","Z":"0","W":"1"}},{"Type":"Prop","Hash":"-250842784","Dynamic":"false","Door":"false","Position":{"X":"1705.90515","Y":"2558.00977","Z":"44.5648766"},"Rotation":{"X":"0","Y":"-0","Z":"0"},"Quaternion":{"X":"0","Y":"0","Z":"0","W":"1"}},{"Type":"Prop","Hash":"-250842784","Dynamic":"false","Door":"false","Position":{"X":"1711.73853","Y":"2558.001","Z":"44.5648766"},"Rotation":{"X":"0","Y":"-0","Z":"0"},"Quaternion":{"X":"0","Y":"0","Z":"0","W":"1"}},{"Type":"Prop","Hash":"-250842784","Dynamic":"false","Door":"false","Position":{"X":"1717.58008","Y":"2557.99268","Z":"44.5648766"},"Rotation":{"X":"0","Y":"-0","Z":"0"},"Quaternion":{"X":"0","Y":"0","Z":"0","W":"1"}},{"Type":"Prop","Hash":"-250842784","Dynamic":"false","Door":"false","Position":{"X":"1700.00049","Y":"2563.85913","Z":"44.5648766"},"Rotation":{"X":"2.56490554E-12","Y":"-5.00895248E-06","Z":"89.9999542"},"Quaternion":{"X":"3.09085948E-08","Y":"-3.09085948E-08","Z":"0.707106352","W":"0.707107"}},{"Type":"Prop","Hash":"-250842784","Dynamic":"false","Door":"false","Position":{"X":"1723.342","Y":"2557.89453","Z":"44.5648766"},"Rotation":{"X":"5.008952E-06","Y":"2.23117986E-05","Z":"-63"},"Quaternion":{"X":"1.39004271E-07","Y":"1.43176024E-07","Z":"-0.5224986","W":"0.852640152"}},{"Type":"Prop","Hash":"-250842784","Dynamic":"false","Door":"false","Position":{"X":"1725.99585","Y":"2552.69556","Z":"44.5648766"},"Rotation":{"X":"-4.07110977E-13","Y":"-5.00895567E-06","Z":"-63"},"Quaternion":{"X":"-2.283914E-08","Y":"-3.72700839E-08","Z":"-0.5224986","W":"0.852640152"}},{"Type":"Prop","Hash":"-250842784","Dynamic":"false","Door":"false","Position":{"X":"1728.65393","Y":"2547.49731","Z":"44.5648766"},"Rotation":{"X":"5.00895567E-06","Y":"-5.00895658E-06","Z":"-63"},"Quaternion":{"X":"1.44309382E-08","Y":"-6.010922E-08","Z":"-0.5224986","W":"0.852640152"}},{"Type":"Prop","Hash":"-250842784","Dynamic":"false","Door":"false","Position":{"X":"1731.3009","Y":"2542.29443","Z":"44.5648766"},"Rotation":{"X":"-4.07110977E-13","Y":"-5.00895567E-06","Z":"-63"},"Quaternion":{"X":"-2.283914E-08","Y":"-3.72700839E-08","Z":"-0.5224986","W":"0.852640152"}},{"Type":"Prop","Hash":"-250842784","Dynamic":"false","Door":"false","Position":{"X":"1733.95923","Y":"2537.08057","Z":"44.5648766"},"Rotation":{"X":"-4.07110977E-13","Y":"-5.00895567E-06","Z":"-63"},"Quaternion":{"X":"-2.283914E-08","Y":"-3.72700839E-08","Z":"-0.5224986","W":"0.852640152"}},{"Type":"Prop","Hash":"-250842784","Dynamic":"false","Door":"false","Position":{"X":"1736.61646","Y":"2531.86914","Z":"44.5650024"},"Rotation":{"X":"-4.07110977E-13","Y":"-5.00895567E-06","Z":"-63"},"Quaternion":{"X":"-2.283914E-08","Y":"-3.72700839E-08","Z":"-0.5224986","W":"0.852640152"}},{"Type":"Prop","Hash":"-250842784","Dynamic":"false","Door":"false","Position":{"X":"1739.28015","Y":"2526.62451","Z":"44.5650024"},"Rotation":{"X":"-6.10666465E-13","Y":"-5.00895567E-06","Z":"-152.999985"},"Quaternion":{"X":"4.25036468E-08","Y":"1.02042206E-08","Z":"0.97236985","W":"-0.233445421"}},{"Type":"Prop","Hash":"-250842784","Dynamic":"false","Door":"false","Position":{"X":"1734.0603","Y":"2523.96777","Z":"44.5648766"},"Rotation":{"X":"5.00895567E-06","Y":"-5.008956E-06","Z":"-152.999985"},"Quaternion":{"X":"3.229942E-08","Y":"5.27078647E-08","Z":"0.97236985","W":"-0.233445421"}},{"Type":"Prop","Hash":"-250842784","Dynamic":"false","Door":"false","Position":{"X":"1728.86182","Y":"2521.311","Z":"44.5648766"},"Rotation":{"X":"-6.10666465E-13","Y":"-5.00895567E-06","Z":"-152.999985"},"Quaternion":{"X":"4.25036468E-08","Y":"1.02042206E-08","Z":"0.97236985","W":"-0.233445421"}},{"Type":"Prop","Hash":"-250842784","Dynamic":"false","Door":"false","Position":{"X":"1723.66272","Y":"2518.663","Z":"44.5648766"},"Rotation":{"X":"-6.10666465E-13","Y":"-5.00895567E-06","Z":"-152.999985"},"Quaternion":{"X":"4.25036468E-08","Y":"1.02042206E-08","Z":"0.97236985","W":"-0.233445421"}},{"Type":"Prop","Hash":"-250842784","Dynamic":"false","Door":"false","Position":{"X":"1718.44287","Y":"2515.993","Z":"44.5648766"},"Rotation":{"X":"-6.10666465E-13","Y":"-5.00895567E-06","Z":"-152.999985"},"Quaternion":{"X":"4.25036468E-08","Y":"1.02042206E-08","Z":"0.97236985","W":"-0.233445421"}},{"Type":"Prop","Hash":"-250842784","Dynamic":"false","Door":"false","Position":{"X":"1713.26892","Y":"2513.294","Z":"44.5648766"},"Rotation":{"X":"0","Y":"-0","Z":"-113.999451"},"Quaternion":{"X":"0","Y":"0","Z":"0.838668","W":"-0.544643044"}},{"Type":"Prop","Hash":"-250842784","Dynamic":"false","Door":"false","Position":{"X":"1710.92908","Y":"2507.95483","Z":"44.5648766"},"Rotation":{"X":"0","Y":"-0","Z":"-90.99965"},"Quaternion":{"X":"0","Y":"0","Z":"0.7132484","W":"-0.7009114"}},{"Type":"Prop","Hash":"-250842784","Dynamic":"false","Door":"false","Position":{"X":"1710.82129","Y":"2502.11963","Z":"44.5648766"},"Rotation":{"X":"0","Y":"-0","Z":"-106.999336"},"Quaternion":{"X":"0","Y":"0","Z":"0.803853452","W":"-0.594827235"}},{"Type":"Prop","Hash":"-250842784","Dynamic":"false","Door":"false","Position":{"X":"1709.01733","Y":"2496.64722","Z":"44.5648766"},"Rotation":{"X":"0","Y":"-5.00895567E-06","Z":"180"},"Quaternion":{"X":"4.371139E-08","Y":"0","Z":"0.9999999","W":"0"}},{"Type":"Prop","Hash":"-250842784","Dynamic":"false","Door":"false","Position":{"X":"1703.16418","Y":"2496.64941","Z":"44.5648766"},"Rotation":{"X":"0","Y":"-5.00895567E-06","Z":"180"},"Quaternion":{"X":"4.371139E-08","Y":"0","Z":"0.9999999","W":"0"}},{"Type":"Prop","Hash":"-250842784","Dynamic":"false","Door":"false","Position":{"X":"1697.3241","Y":"2496.64941","Z":"44.5648766"},"Rotation":{"X":"0","Y":"-5.00895567E-06","Z":"180"},"Quaternion":{"X":"4.371139E-08","Y":"0","Z":"0.9999999","W":"0"}},{"Type":"Prop","Hash":"-250842784","Dynamic":"false","Door":"false","Position":{"X":"1691.48291","Y":"2496.64819","Z":"44.5648766"},"Rotation":{"X":"0","Y":"-5.00895567E-06","Z":"180"},"Quaternion":{"X":"4.371139E-08","Y":"0","Z":"0.9999999","W":"0"}},{"Type":"Prop","Hash":"-250842784","Dynamic":"false","Door":"false","Position":{"X":"1685.64038","Y":"2496.65967","Z":"44.5648766"},"Rotation":{"X":"0","Y":"-5.00895567E-06","Z":"180"},"Quaternion":{"X":"4.371139E-08","Y":"0","Z":"0.9999999","W":"0"}},{"Type":"Prop","Hash":"-250842784","Dynamic":"false","Door":"false","Position":{"X":"1679.78674","Y":"2496.65747","Z":"44.5648766"},"Rotation":{"X":"0","Y":"-5.00895567E-06","Z":"180"},"Quaternion":{"X":"4.371139E-08","Y":"0","Z":"0.9999999","W":"0"}},{"Type":"Prop","Hash":"-250842784","Dynamic":"false","Door":"false","Position":{"X":"1673.94446","Y":"2496.66919","Z":"44.5648766"},"Rotation":{"X":"0","Y":"-5.00895567E-06","Z":"180"},"Quaternion":{"X":"4.371139E-08","Y":"0","Z":"0.9999999","W":"0"}},{"Type":"Prop","Hash":"-250842784","Dynamic":"false","Door":"false","Position":{"X":"1668.108","Y":"2496.70825","Z":"44.5648766"},"Rotation":{"X":"0","Y":"-0","Z":"169.999054"},"Quaternion":{"X":"0","Y":"0","Z":"0.996193945","W":"0.08716386"}},{"Type":"Prop","Hash":"-250842784","Dynamic":"false","Door":"false","Position":{"X":"1662.36829","Y":"2497.76172","Z":"44.5648766"},"Rotation":{"X":"1.01777744E-12","Y":"-5.008955E-06","Z":"137.999969"},"Quaternion":{"X":"4.080809E-08","Y":"-1.56647584E-08","Z":"0.933580339","W":"0.35836795"}},{"Type":"Prop","Hash":"-250842784","Dynamic":"false","Door":"false","Position":{"X":"1658.03394","Y":"2501.67261","Z":"44.5648766"},"Rotation":{"X":"1.01777744E-12","Y":"-5.008955E-06","Z":"137.999969"},"Quaternion":{"X":"4.080809E-08","Y":"-1.56647584E-08","Z":"0.933580339","W":"0.35836795"}},{"Type":"Prop","Hash":"-250842784","Dynamic":"false","Door":"false","Position":{"X":"1653.69629","Y":"2505.57178","Z":"44.5648766"},"Rotation":{"X":"1.01777744E-12","Y":"-5.008955E-06","Z":"137.999969"},"Quaternion":{"X":"4.080809E-08","Y":"-1.56647584E-08","Z":"0.933580339","W":"0.35836795"}},{"Type":"Prop","Hash":"-250842784","Dynamic":"false","Door":"false","Position":{"X":"1649.34863","Y":"2509.48535","Z":"44.5648766"},"Rotation":{"X":"1.01777744E-12","Y":"-5.008955E-06","Z":"137.999969"},"Quaternion":{"X":"4.080809E-08","Y":"-1.56647584E-08","Z":"0.933580339","W":"0.35836795"}},{"Type":"Prop","Hash":"-250842784","Dynamic":"false","Door":"false","Position":{"X":"1645.01855","Y":"2513.399","Z":"44.5648766"},"Rotation":{"X":"1.01777744E-12","Y":"-5.008955E-06","Z":"137.999969"},"Quaternion":{"X":"4.080809E-08","Y":"-1.56647584E-08","Z":"0.933580339","W":"0.35836795"}},{"Type":"Prop","Hash":"-250842784","Dynamic":"false","Door":"false","Position":{"X":"1630.763","Y":"2526","Z":"44.5648766"},"Rotation":{"X":"1.01777744E-12","Y":"-5.008955E-06","Z":"137.999969"},"Quaternion":{"X":"4.080809E-08","Y":"-1.56647584E-08","Z":"0.933580339","W":"0.35836795"}},{"Type":"Prop","Hash":"-250842784","Dynamic":"false","Door":"false","Position":{"X":"1626.49084","Y":"2529.95679","Z":"44.5648766"},"Rotation":{"X":"5.00895339E-06","Y":"-5.00895567E-06","Z":"91.9999847"},"Quaternion":{"X":"6.180781E-08","Y":"1.07884324E-09","Z":"0.7193397","W":"0.6946584"}},{"Type":"Prop","Hash":"-250842784","Dynamic":"false","Door":"false","Position":{"X":"1626.28381","Y":"2535.81738","Z":"44.5648766"},"Rotation":{"X":"2.56490554E-12","Y":"-5.00895248E-06","Z":"89.9999542"},"Quaternion":{"X":"3.09085948E-08","Y":"-3.09085948E-08","Z":"0.707106352","W":"0.707107"}},{"Type":"Prop","Hash":"-250842784","Dynamic":"false","Door":"false","Position":{"X":"1626.28174","Y":"2541.65259","Z":"44.5648766"},"Rotation":{"X":"2.56490554E-12","Y":"-5.00895248E-06","Z":"89.9999542"},"Quaternion":{"X":"3.09085948E-08","Y":"-3.09085948E-08","Z":"0.707106352","W":"0.707107"}},{"Type":"Prop","Hash":"-250842784","Dynamic":"false","Door":"false","Position":{"X":"1626.28613","Y":"2547.50024","Z":"44.5648766"},"Rotation":{"X":"2.56490554E-12","Y":"-5.00895248E-06","Z":"89.9999542"},"Quaternion":{"X":"3.09085948E-08","Y":"-3.09085948E-08","Z":"0.707106352","W":"0.707107"}},{"Type":"Prop","Hash":"-250842784","Dynamic":"false","Door":"false","Position":{"X":"1626.29346","Y":"2553.347","Z":"44.5648766"},"Rotation":{"X":"0","Y":"0","Z":"50.9994965"},"Quaternion":{"X":"0","Y":"0","Z":"0.430507123","W":"0.9025872"}},{"Type":"Prop","Hash":"-250842784","Dynamic":"false","Door":"false","Position":{"X":"1629.99609","Y":"2557.88013","Z":"44.5648766"},"Rotation":{"X":"0","Y":"-0","Z":"0"},"Quaternion":{"X":"0","Y":"0","Z":"0","W":"1"}},{"Type":"Prop","Hash":"-250842784","Dynamic":"false","Door":"false","Position":{"X":"1635.85193","Y":"2557.87451","Z":"44.5648766"},"Rotation":{"X":"0","Y":"-0","Z":"0"},"Quaternion":{"X":"0","Y":"0","Z":"0","W":"1"}},{"Type":"Prop","Hash":"-250842784","Dynamic":"false","Door":"false","Position":{"X":"1641.68372","Y":"2557.88379","Z":"44.5648766"},"Rotation":{"X":"0","Y":"-0","Z":"0"},"Quaternion":{"X":"0","Y":"0","Z":"0","W":"1"}},{"Type":"Prop","Hash":"-250842784","Dynamic":"false","Door":"false","Position":{"X":"1647.54456","Y":"2557.88672","Z":"44.5648766"},"Rotation":{"X":"0","Y":"-0","Z":"0"},"Quaternion":{"X":"0","Y":"0","Z":"0","W":"1"}},{"Type":"Prop","Hash":"-250842784","Dynamic":"false","Door":"false","Position":{"X":"1653.41443","Y":"2557.893","Z":"44.5648766"},"Rotation":{"X":"0","Y":"-0","Z":"0"},"Quaternion":{"X":"0","Y":"0","Z":"0","W":"1"}},{"Type":"Prop","Hash":"-250842784","Dynamic":"false","Door":"false","Position":{"X":"1659.276","Y":"2557.89966","Z":"44.5648766"},"Rotation":{"X":"0","Y":"-0","Z":"0"},"Quaternion":{"X":"0","Y":"0","Z":"0","W":"1"}},{"Type":"Prop","Hash":"-250842784","Dynamic":"false","Door":"false","Position":{"X":"1665.13733","Y":"2557.88257","Z":"44.5648766"},"Rotation":{"X":"0","Y":"-0","Z":"0"},"Quaternion":{"X":"0","Y":"0","Z":"0","W":"1"}},{"Type":"Prop","Hash":"-250842784","Dynamic":"false","Door":"false","Position":{"X":"1671.00049","Y":"2557.882","Z":"44.5648766"},"Rotation":{"X":"0","Y":"-0","Z":"0"},"Quaternion":{"X":"0","Y":"0","Z":"0","W":"1"}},{"Type":"Prop","Hash":"-250842784","Dynamic":"false","Door":"false","Position":{"X":"1676.84119","Y":"2557.88452","Z":"44.5648766"},"Rotation":{"X":"0","Y":"-0","Z":"0"},"Quaternion":{"X":"0","Y":"0","Z":"0","W":"1"}},{"Type":"Prop","Hash":"-994110897","Dynamic":"false","Door":"false","Position":{"X":"1681.72461","Y":"2546.45117","Z":"44.5648766"},"Rotation":{"X":"0","Y":"-0","Z":"125.999481"},"Quaternion":{"X":"0","Y":"0","Z":"0.8910045","W":"0.453994423"}},{"Type":"Prop","Hash":"-994110897","Dynamic":"false","Door":"false","Position":{"X":"1645.60217","Y":"2555.54956","Z":"44.5648766"},"Rotation":{"X":"0","Y":"-0","Z":"-171.998947"},"Quaternion":{"X":"0","Y":"0","Z":"0.9975634","W":"-0.06976553"}},{"Type":"Prop","Hash":"-994110897","Dynamic":"false","Door":"false","Position":{"X":"1704.78613","Y":"2501.69043","Z":"44.5648766"},"Rotation":{"X":"0","Y":"0","Z":"52.998127"},"Quaternion":{"X":"0","Y":"0","Z":"0.446183234","W":"0.8949416"}},{"Type":"Prop","Hash":"-994110897","Dynamic":"false","Door":"false","Position":{"X":"1706.58618","Y":"2544.64771","Z":"44.5648766"},"Rotation":{"X":"0","Y":"0","Z":"49.9993324"},"Quaternion":{"X":"0","Y":"0","Z":"0.422613","W":"0.90631026"}},{"Type":"Prop","Hash":"-994110897","Dynamic":"false","Door":"false","Position":{"X":"1731.20984","Y":"2555.526","Z":"44.5648766"},"Rotation":{"X":"0","Y":"-0","Z":"139.0001"},"Quaternion":{"X":"0","Y":"0","Z":"0.936672568","W":"0.3502065"}},{"Type":"Prop","Hash":"-994110897","Dynamic":"false","Door":"false","Position":{"X":"1649.8114","Y":"2512.80469","Z":"44.56488"},"Rotation":{"X":"0","Y":"0","Z":"28.9994926"},"Quaternion":{"X":"0","Y":"0","Z":"0.250375718","W":"0.968148768"}},{"Type":"Prop","Hash":"-489525601","Dynamic":"false","Door":"false","Position":{"X":"1705.50427","Y":"2528.80273","Z":"44.5648766"},"Rotation":{"X":"0","Y":"-0","Z":"-153.000778"},"Quaternion":{"X":"0","Y":"0","Z":"0.9723715","W":"-0.2334387"}},{"Type":"Prop","Hash":"1672330940","Dynamic":"false","Door":"false","Position":{"X":"1707.08618","Y":"2526.24023","Z":"44.5648766"},"Rotation":{"X":"0","Y":"0","Z":"27.9999619"},"Quaternion":{"X":"0","Y":"0","Z":"0.241921589","W":"0.9702958"}},{"Type":"Prop","Hash":"-1663557985","Dynamic":"false","Door":"false","Position":{"X":"1709.12109","Y":"2538.90063","Z":"44.5648766"},"Rotation":{"X":"0","Y":"-0","Z":"115.998161"},"Quaternion":{"X":"0","Y":"0","Z":"0.8480396","W":"0.529932737"}},{"Type":"Prop","Hash":"-2079532728","Dynamic":"false","Door":"false","Position":{"X":"1694.277","Y":"2565.63916","Z":"44.5648766"},"Rotation":{"X":"0","Y":"-0","Z":"0"},"Quaternion":{"X":"0","Y":"0","Z":"0","W":"1"}},{"Type":"Prop","Hash":"-2079532728","Dynamic":"false","Door":"false","Position":{"X":"1688.84058","Y":"2565.44629","Z":"44.5648766"},"Rotation":{"X":"0","Y":"-0","Z":"0"},"Quaternion":{"X":"0","Y":"0","Z":"0","W":"1"}},{"Type":"Prop","Hash":"1614656839","Dynamic":"false","Door":"false","Position":{"X":"1690.58728","Y":"2529.368","Z":"44.5648766"},"Rotation":{"X":"0","Y":"-0","Z":"0"},"Quaternion":{"X":"0","Y":"0","Z":"0","W":"1"}},{"Type":"Prop","Hash":"506770882","Dynamic":"false","Door":"false","Position":{"X":"-254.21","Y":"6337.811","Z":"31.7"},"Rotation":{"X":"-2.03555488E-13","Y":"-5.00895567E-06","Z":"-134.999985"},"Quaternion":{"X":"4.038405E-08","Y":"1.6727622E-08","Z":"0.9238795","W":"-0.382683426"}},{"Type":"Prop","Hash":"1976979908","Dynamic":"false","Door":"false","Position":{"X":"-240.52","Y":"6324.298","Z":"35.3352852"},"Rotation":{"X":"0","Y":"0","Z":"-43.9998932"},"Quaternion":{"X":"0","Y":"0","Z":"-0.374605745","W":"0.927184165"}},{"Type":"Prop","Hash":"1976979908","Dynamic":"false","Door":"false","Position":{"X":"-245.2","Y":"6328.94775","Z":"35.33653"},"Rotation":{"X":"0","Y":"0","Z":"-43.00006"},"Quaternion":{"X":"0","Y":"0","Z":"-0.366501719","W":"0.930417359"}},{"Type":"Prop","Hash":"1976979908","Dynamic":"false","Door":"false","Position":{"X":"-255.06633","Y":"6338.688","Z":"35.3391533"},"Rotation":{"X":"0","Y":"0","Z":"45.0001144"},"Quaternion":{"X":"0","Y":"0","Z":"0.3826844","W":"0.923879147"}},{"Type":"Prop","Hash":"1976979908","Dynamic":"false","Door":"false","Position":{"X":"-242.565674","Y":"6314.52051","Z":"35.33423"},"Rotation":{"X":"0","Y":"0","Z":"43.9999466"},"Quaternion":{"X":"0","Y":"0","Z":"0.374606162","W":"0.927184045"}},{"Type":"Prop","Hash":"-663886409","Dynamic":"false","Door":"false","Position":{"X":"-235.51","Y":"6233.68","Z":"30.49675"},"Rotation":{"X":"0","Y":"0","Z":"-44.9998932"},"Quaternion":{"X":"0","Y":"0","Z":"-0.3826826","W":"0.923879862"}},{"Type":"Prop","Hash":"-105439435","Dynamic":"false","Door":"false","Position":{"X":"2407.38037","Y":"5716.403","Z":"44.4332581"},"Rotation":{"X":"0","Y":"0","Z":"-61.0000877"},"Quaternion":{"X":"0","Y":"0","Z":"-0.5075391","W":"0.8616288"}},{"Type":"Prop","Hash":"693843550","Dynamic":"false","Door":"false","Position":{"X":"2398.05054","Y":"5711.2417","Z":"44.41691"},"Rotation":{"X":"2.03555488E-13","Y":"-5.00895567E-06","Z":"-61"},"Quaternion":{"X":"-2.2185203E-08","Y":"-3.76630034E-08","Z":"-0.5075383","W":"0.8616292"}},{"Type":"Prop","Hash":"693843550","Dynamic":"false","Door":"false","Position":{"X":"2394.44385","Y":"5717.94336","Z":"44.4708328"},"Rotation":{"X":"2.03555488E-13","Y":"-5.00895567E-06","Z":"-61"},"Quaternion":{"X":"-2.2185203E-08","Y":"-3.76630034E-08","Z":"-0.5075383","W":"0.8616292"}},{"Type":"Prop","Hash":"693843550","Dynamic":"false","Door":"false","Position":{"X":"2397.28418","Y":"5727.458","Z":"44.5486374"},"Rotation":{"X":"2.03555488E-13","Y":"-5.00895567E-06","Z":"-61"},"Quaternion":{"X":"-2.2185203E-08","Y":"-3.76630034E-08","Z":"-0.5075383","W":"0.8616292"}},{"Type":"Prop","Hash":"693843550","Dynamic":"false","Door":"false","Position":{"X":"2391.18774","Y":"5723.91","Z":"44.5228424"},"Rotation":{"X":"2.03555488E-13","Y":"-5.00895567E-06","Z":"-61"},"Quaternion":{"X":"-2.2185203E-08","Y":"-3.76630034E-08","Z":"-0.5075383","W":"0.8616292"}},{"Type":"Prop","Hash":"693843550","Dynamic":"false","Door":"false","Position":{"X":"2394.07642","Y":"5733.191","Z":"44.6001358"},"Rotation":{"X":"2.03555488E-13","Y":"-5.00895567E-06","Z":"-61"},"Quaternion":{"X":"-2.2185203E-08","Y":"-3.76630034E-08","Z":"-0.5075383","W":"0.8616292"}},{"Type":"Prop","Hash":"693843550","Dynamic":"false","Door":"false","Position":{"X":"2387.841","Y":"5729.79443","Z":"44.575985"},"Rotation":{"X":"0","Y":"0","Z":"-60.999794"},"Quaternion":{"X":"0","Y":"0","Z":"-0.5075368","W":"0.8616301"}},{"Type":"Prop","Hash":"693843550","Dynamic":"false","Door":"false","Position":{"X":"2391.74268","Y":"5739.236","Z":"44.6547546"},"Rotation":{"X":"0","Y":"-0","Z":"102.999573"},"Quaternion":{"X":"0","Y":"0","Z":"0.7826059","W":"0.622517467"}},{"Type":"Prop","Hash":"693843550","Dynamic":"false","Door":"false","Position":{"X":"2390.27417","Y":"5745.969","Z":"44.7042732"},"Rotation":{"X":"0","Y":"-5.00895567E-06","Z":"-77"},"Quaternion":{"X":"-2.72109784E-08","Y":"-3.42088882E-08","Z":"-0.6225146","W":"0.782608151"}},{"Type":"Prop","Hash":"693843550","Dynamic":"false","Door":"false","Position":{"X":"2388.63","Y":"5753.0376","Z":"44.73976"},"Rotation":{"X":"0","Y":"-5.00895567E-06","Z":"-77"},"Quaternion":{"X":"-2.72109784E-08","Y":"-3.42088882E-08","Z":"-0.6225146","W":"0.782608151"}},{"Type":"Prop","Hash":"-1199673887","Dynamic":"false","Door":"false","Position":{"X":"2397.74463","Y":"5708.04","Z":"44.3686676"},"Rotation":{"X":"0","Y":"0","Z":"27.9999218"},"Quaternion":{"X":"0","Y":"0","Z":"0.241921261","W":"0.970295846"}},{"Type":"Prop","Hash":"-949234773","Dynamic":"false","Door":"false","Position":{"X":"2396.258","Y":"5714.46729","Z":"44.4420929"},"Rotation":{"X":"0","Y":"-0","Z":"-148.999176"},"Quaternion":{"X":"-0","Y":"0","Z":"0.963628531","W":"-0.267245263"}},{"Type":"Prop","Hash":"1803721002","Dynamic":"false","Door":"false","Position":{"X":"2336.39478","Y":"5808.753","Z":"45.9018364"},"Rotation":{"X":"0","Y":"-0","Z":"-146.999283"},"Quaternion":{"X":"-0","Y":"0","Z":"0.958817959","W":"-0.2840213"}},{"Type":"Prop","Hash":"532969079","Dynamic":"false","Door":"false","Position":{"X":"2368.86475","Y":"5786.38574","Z":"45.39541"},"Rotation":{"X":"0","Y":"-0","Z":"-140.999344"},"Quaternion":{"X":"-0","Y":"0","Z":"0.9426396","W":"-0.3338122"}},{"Type":"Prop","Hash":"-1496457572","Dynamic":"false","Door":"false","Position":{"X":"2377.84155","Y":"5746.277","Z":"44.7464"},"Rotation":{"X":"0","Y":"-0","Z":"-151.000748"},"Quaternion":{"X":"-0","Y":"0","Z":"0.9681493","W":"-0.2503736"}},{"Type":"Prop","Hash":"-1169914483","Dynamic":"false","Door":"false","Position":{"X":"2357.503","Y":"5779.18262","Z":"45.3992958"},"Rotation":{"X":"0","Y":"-0","Z":"-141.999344"},"Quaternion":{"X":"-0","Y":"0","Z":"0.9455167","W":"-0.325573534"}},{"Type":"Prop","Hash":"693843550","Dynamic":"false","Door":"false","Position":{"X":"2174.3042","Y":"6065.461","Z":"50.98378"},"Rotation":{"X":"0","Y":"0","Z":"-22.99997"},"Quaternion":{"X":"0","Y":"0","Z":"-0.199367687","W":"0.979924738"}},{"Type":"Prop","Hash":"693843550","Dynamic":"false","Door":"false","Position":{"X":"2178.26587","Y":"6056.377","Z":"51.0504532"},"Rotation":{"X":"0","Y":"0","Z":"-20.9999485"},"Quaternion":{"X":"0","Y":"0","Z":"-0.1822351","W":"0.983254969"}},{"Type":"Prop","Hash":"693843550","Dynamic":"false","Door":"false","Position":{"X":"2184.77124","Y":"6053.724","Z":"51.08046"},"Rotation":{"X":"0","Y":"0","Z":"-22.9999428"},"Quaternion":{"X":"0","Y":"0","Z":"-0.199367449","W":"0.9799248"}},{"Type":"Prop","Hash":"693843550","Dynamic":"false","Door":"false","Position":{"X":"2190.39771","Y":"6050.244","Z":"51.0994644"},"Rotation":{"X":"0","Y":"0","Z":"-42.9999237"},"Quaternion":{"X":"0","Y":"0","Z":"-0.366500616","W":"0.930417836"}},{"Type":"Prop","Hash":"693843550","Dynamic":"false","Door":"false","Position":{"X":"2195.25879","Y":"6045.581","Z":"51.1023865"},"Rotation":{"X":"0","Y":"0","Z":"-42.9998474"},"Quaternion":{"X":"0","Y":"0","Z":"-0.3665","W":"0.930418"}},{"Type":"Prop","Hash":"693843550","Dynamic":"false","Door":"false","Position":{"X":"2200.005","Y":"6041.03857","Z":"51.07944"},"Rotation":{"X":"0","Y":"0","Z":"-43.9999275"},"Quaternion":{"X":"0","Y":"0","Z":"-0.374606","W":"0.9271841"}},{"Type":"Prop","Hash":"693843550","Dynamic":"false","Door":"false","Position":{"X":"2180.63086","Y":"6062.823","Z":"51.0238647"},"Rotation":{"X":"0","Y":"0","Z":"-22.999958"},"Quaternion":{"X":"0","Y":"0","Z":"-0.199367583","W":"0.9799248"}},{"Type":"Prop","Hash":"693843550","Dynamic":"false","Door":"false","Position":{"X":"2187.05444","Y":"6060.14355","Z":"51.0534973"},"Rotation":{"X":"0","Y":"0","Z":"-23.999958"},"Quaternion":{"X":"0","Y":"0","Z":"-0.207911342","W":"0.9781477"}},{"Type":"Prop","Hash":"693843550","Dynamic":"false","Door":"false","Position":{"X":"2193.29517","Y":"6057.5","Z":"51.07199"},"Rotation":{"X":"0","Y":"0","Z":"-23.999958"},"Quaternion":{"X":"0","Y":"0","Z":"-0.207911342","W":"0.9781477"}},{"Type":"Prop","Hash":"693843550","Dynamic":"false","Door":"false","Position":{"X":"2199.403","Y":"6054.54932","Z":"51.0806274"},"Rotation":{"X":"0","Y":"0","Z":"-26.9999733"},"Quaternion":{"X":"0","Y":"0","Z":"-0.233445138","W":"0.972369969"}},{"Type":"Prop","Hash":"-1199673887","Dynamic":"false","Door":"false","Position":{"X":"2172.14478","Y":"6068.09","Z":"50.9335861"},"Rotation":{"X":"0","Y":"0","Z":"64.99983"},"Quaternion":{"X":"0","Y":"0","Z":"0.537298441","W":"0.8433922"}},{"Type":"Prop","Hash":"-105439435","Dynamic":"false","Door":"false","Position":{"X":"2164.40283","Y":"6057.996","Z":"50.9528961"},"Rotation":{"X":"0","Y":"-0","Z":"159.999283"},"Quaternion":{"X":"0","Y":"0","Z":"0.984806657","W":"0.173654318"}},{"Type":"Prop","Hash":"-949234773","Dynamic":"false","Door":"false","Position":{"X":"2177.65845","Y":"6064.45264","Z":"51.00157"},"Rotation":{"X":"0","Y":"0","Z":"67.9998245"},"Quaternion":{"X":"0","Y":"0","Z":"0.559191644","W":"0.829038441"}},{"Type":"Prop","Hash":"1803721002","Dynamic":"false","Door":"false","Position":{"X":"2270.126","Y":"5987.12158","Z":"49.4041328"},"Rotation":{"X":"0","Y":"0","Z":"34.9999542"},"Quaternion":{"X":"0","Y":"0","Z":"0.300705433","W":"0.953717053"}},{"Type":"Prop","Hash":"532969079","Dynamic":"false","Door":"false","Position":{"X":"2225.37427","Y":"6019.245","Z":"50.7709122"},"Rotation":{"X":"0","Y":"0","Z":"35.99995"},"Quaternion":{"X":"0","Y":"0","Z":"0.309016645","W":"0.9510566"}},{"Type":"Prop","Hash":"-2090002469","Dynamic":"false","Door":"false","Position":{"X":"2204.13013","Y":"6052.699","Z":"51.07481"},"Rotation":{"X":"0","Y":"0","Z":"57.9998741"},"Quaternion":{"X":"0","Y":"0","Z":"0.4848087","W":"0.8746202"}},{"Type":"Prop","Hash":"-1169914483","Dynamic":"false","Door":"false","Position":{"X":"2292.50562","Y":"5955.07666","Z":"48.3109779"},"Rotation":{"X":"0","Y":"0","Z":"32.999958"},"Quaternion":{"X":"0","Y":"0","Z":"0.284015","W":"0.958819866"}},{"Type":"Prop","Hash":"-1169914483","Dynamic":"false","Door":"false","Position":{"X":"2280.249","Y":"5946.41455","Z":"48.3373451"},"Rotation":{"X":"0","Y":"0","Z":"34.9999542"},"Quaternion":{"X":"0","Y":"0","Z":"0.300705433","W":"0.953717053"}},{"Type":"Prop","Hash":"1257909556","Dynamic":"false","Door":"false","Position":{"X":"2403.412","Y":"5716.1333","Z":"47.4973373"},"Rotation":{"X":"6.32929E-05","Y":"-6.329294E-05","Z":"-99.99999"},"Quaternion":{"X":"6.80791956E-08","Y":"7.781472E-07","Z":"0.766044438","W":"-0.6427876"}},{"Type":"Prop","Hash":"1257909556","Dynamic":"false","Door":"false","Position":{"X":"2167.24683","Y":"6060.80859","Z":"54.0169754"},"Rotation":{"X":"0","Y":"-0","Z":"104.999237"},"Quaternion":{"X":"0","Y":"0","Z":"0.7933493","W":"0.6087667"}}]},"Metadata":{"Creator":"Mark","Name":"Fences","Description":null}}}